{
  "project_info": {
    "project_number": "403731474251",
    "project_id": "kursach-8b39e",
    "storage_bucket": "kursach-8b39e.appspot.com"
  },
  "client": [
    {
      "client_info": {
        "mobilesdk_app_id": "1:403731474251:android:3491661866493bfd4b2ace",
        "android_client_info": {
          "package_name": "com.example.happydog"
        }
      },
      "oauth_client": [
        {
          "client_id": "403731474251-vm39mu9qsmin8guncfvhcprkppo3pjd9.apps.googleusercontent.com",
          "client_type": 3
        }
      ],
      "api_key": [
        {
          "current_key": "AIzaSyCCjw9_onAqtz-0KwmLAv1iF-8hNT2eId4"
        }
      ],
      "services": {
        "appinvite_service": {
          "other_platform_oauth_client": [
            {
              "client_id": "403731474251-vm39mu9qsmin8guncfvhcprkppo3pjd9.apps.googleusercontent.com",
              "client_type": 3
            }
          ]
        }
      }
    },
    {
      "client_info": {
        "mobilesdk_app_id": "1:403731474251:android:adaa486ad2124e6b4b2ace",
        "android_client_info": {
          "package_name": "com.example.kursachganiushkin"
        }
      },
      "oauth_client": [
        {
          "client_id": "403731474251-vm39mu9qsmin8guncfvhcprkppo3pjd9.apps.googleusercontent.com",
          "client_type": 3
        }
      ],
      "api_key": [
        {
          "current_key": "AIzaSyCCjw9_onAqtz-0KwmLAv1iF-8hNT2eId4"
        }
      ],
      "services": {
        "appinvite_service": {
          "other_platform_oauth_client": [
            {
              "client_id": "403731474251-vm39mu9qsmin8guncfvhcprkppo3pjd9.apps.googleusercontent.com",
              "client_type": 3
            }
          ]
        }
      }
    }
  ],
  "configuration_version": "1"
}